order_id,product_id,quantity,order_date
O0,P113,4,2026-01-06
O1,P130,8,2026-01-04
O2,P188,3,2026-01-29
O3,P168,2,2026-02-06
O4,P72,9,2026-01-19
O5,P169,10,2026-01-08
O6,P85,2,2026-02-15
O7,P192,4,2026-01-06
O8,P172,5,2026-02-13
O9,P57,4,2026-02-05
O10,P37,1,2026-01-26
O11,P11,4,2026-01-31
O12,P121,10,2026-02-10
O13,P196,2,2026-01-17
O14,P116,7,2026-01-09
O15,P161,10,2026-02-02
O16,P49,7,2026-02-16
O17,P126,7,2026-02-08
O18,P62,3,2026-02-21
O19,P167,1,2026-02-22
O20,P192,2,2026-01-13
O21,P199,7,2026-01-05
O22,P56,3,2026-01-05
O23,P178,9,2026-01-26
O24,P118,1,2026-02-19
O25,P142,4,2026-02-03
O26,P31,8,2026-01-16
O27,P34,8,2026-01-22
O28,P170,9,2026-01-05
O29,P143,10,2026-02-03
O30,P81,8,2026-02-03
O31,P156,9,2026-02-07
O32,P109,9,2026-01-03
O33,P114,3,2026-01-22
O34,P190,8,2026-01-10
O35,P115,5,2026-01-12
O36,P192,4,2026-02-10
O37,P163,5,2026-02-12
O38,P196,9,2026-02-18
O39,P124,4,2026-01-05
O40,P70,8,2026-01-10
O41,P19,5,2026-01-11
O42,P60,5,2026-01-09
O43,P85,6,2026-02-21
O44,P138,2,2026-01-19
O45,P35,3,2026-02-16
O46,P59,7,2026-01-12
O47,P177,3,2026-01-13
O48,P180,4,2026-01-19
O49,P16,7,2026-01-30
O50,P104,6,2026-02-25
O51,P138,8,2026-01-07
O52,P106,1,2026-01-01
O53,P52,7,2026-01-18
O54,P99,10,2026-02-22
O55,P178,1,2026-01-05
O56,P195,10,2026-01-23
O57,P97,8,2026-01-22
O58,P1,6,2026-01-19
O59,P76,7,2026-01-30
O60,P107,9,2026-01-30
O61,P191,9,2026-01-29
O62,P154,4,2026-01-01
O63,P124,4,2026-02-20
O64,P69,7,2026-01-07
O65,P124,1,2026-01-21
O66,P99,6,2026-02-17
O67,P171,7,2026-01-24
O68,P185,3,2026-02-09
O69,P119,3,2026-01-29
O70,P159,9,2026-02-12
O71,P6,7,2026-02-02
O72,P151,10,2026-02-09
O73,P169,1,2026-01-18
O74,P21,7,2026-01-09
O75,P34,8,2026-01-23
O76,P46,1,2026-02-18
O77,P66,7,2026-01-13
O78,P83,4,2026-02-03
O79,P116,6,2026-02-23
O80,P86,7,2026-01-16
O81,P71,7,2026-02-23
O82,P64,2,2026-02-11
O83,P120,1,2026-01-03
O84,P191,9,2026-02-10
O85,P13,6,2026-01-08
O86,P57,2,2026-02-09
O87,P199,1,2026-01-16
O88,P193,1,2026-01-09
O89,P63,4,2026-02-11
O90,P5,10,2026-02-03
O91,P39,4,2026-02-18
O92,P32,8,2026-01-18
O93,P171,2,2026-01-15
O94,P144,4,2026-01-03
O95,P119,5,2026-01-20
O96,P196,6,2026-01-25
O97,P42,10,2026-01-30
O98,P155,2,2026-01-19
O99,P199,3,2026-01-04
O100,P79,2,2026-01-23
O101,P148,1,2026-01-20
O102,P79,10,2026-01-29
O103,P173,7,2026-02-22
O104,P101,4,2026-01-01
O105,P19,10,2026-01-20
O106,P176,4,2026-01-23
O107,P26,5,2026-02-24
O108,P175,10,2026-01-28
O109,P30,10,2026-02-17
O110,P10,6,2026-01-18
O111,P136,7,2026-01-02
O112,P169,6,2026-01-12
O113,P17,9,2026-01-11
O114,P165,6,2026-01-26
O115,P3,7,2026-02-17
O116,P125,2,2026-02-13
O117,P110,6,2026-02-21
O118,P162,8,2026-01-23
O119,P181,3,2026-01-01
O120,P111,3,2026-01-20
O121,P187,9,2026-02-18
O122,P166,5,2026-01-16
O123,P157,9,2026-01-20
O124,P198,8,2026-01-16
O125,P119,7,2026-01-06
O126,P187,10,2026-02-12
O127,P68,6,2026-01-08
O128,P62,2,2026-02-04
O129,P71,8,2026-02-09
O130,P62,8,2026-02-05
O131,P145,10,2026-01-19
O132,P171,7,2026-01-17
O133,P86,1,2026-02-08
O134,P126,6,2026-02-24
O135,P46,8,2026-01-01
O136,P54,6,2026-02-13
O137,P66,6,2026-02-13
O138,P71,10,2026-01-26
O139,P179,5,2026-02-19
O140,P142,1,2026-02-04
O141,P132,4,2026-01-14
O142,P21,4,2026-01-21
O143,P184,7,2026-02-15
O144,P125,9,2026-01-19
O145,P194,4,2026-01-22
O146,P176,8,2026-01-21
O147,P165,8,2026-02-14
O148,P114,1,2026-02-22
O149,P23,5,2026-01-19
O150,P56,7,2026-02-18
O151,P177,4,2026-02-08
O152,P78,10,2026-02-23
O153,P94,8,2026-02-22
O154,P141,9,2026-01-03
O155,P88,7,2026-02-23
O156,P190,9,2026-01-04
O157,P84,6,2026-02-05
O158,P179,8,2026-02-18
O159,P69,5,2026-01-11
O160,P64,4,2026-01-15
O161,P30,4,2026-01-04
O162,P80,2,2026-01-01
O163,P190,9,2026-01-04
O164,P195,3,2026-01-08
O165,P49,4,2026-01-10
O166,P189,8,2026-01-13
O167,P70,10,2026-01-03
O168,P194,9,2026-02-04
O169,P152,5,2026-02-25
O170,P25,4,2026-01-02
O171,P75,4,2026-01-16
O172,P92,3,2026-01-16
O173,P77,1,2026-01-27
O174,P181,9,2026-01-02
O175,P32,5,2026-01-04
O176,P11,1,2026-01-04
O177,P141,5,2026-02-04
O178,P178,3,2026-01-24
O179,P163,8,2026-01-05
O180,P26,1,2026-01-17
O181,P146,5,2026-01-20
O182,P120,8,2026-02-19
O183,P112,6,2026-01-03
O184,P47,1,2026-01-06
O185,P64,8,2026-02-14
O186,P29,2,2026-01-17
O187,P102,8,2026-02-16
O188,P18,10,2026-02-21
O189,P161,1,2026-01-27
O190,P38,3,2026-01-30
O191,P144,5,2026-01-22
O192,P21,4,2026-01-05
O193,P30,9,2026-01-04
O194,P195,7,2026-01-11
O195,P155,10,2026-01-04
O196,P158,4,2026-01-31
O197,P198,9,2026-02-14
O198,P97,8,2026-02-25
O199,P113,5,2026-01-17
